subject_id,age,vis1_sr,vis1_sr_max,vis1_sr_min,invis_sr,invis_sr_max,invis_sr_min,vis2_sr,vis2_sr_max,vis2_sr_min,vis1_msl,vis1_msl_max,vis1_msl_min,invis_msl,invis_msl_max,invis_msl_min,vis2_msl,vis2_msl_max,vis2_msl_min,vis1_sd,vis1_sd_max,vis1_sd_min,invis_sd,invis_sd_max,invis_sd_min,vis2_sd,vis2_sd_max,vis2_sd_min,vis1_learning,vis1_learning_max,vis1_learning_min,invis_learning,invis_learning_max,invis_learning_min,vis2_learning,vis2_learning_max,vis2_learning_min
MUH451,9.916666666666666,0.8690476190476191,0.7,0.8,0.8341584158415841,0.35,1.0,0.7307692307692307,0.65,0.7,2.0695657202380953,2.22300015,1.5766950750000002,1.9139487215346536,1.9560748499999998,1.6203280500000001,1.9912111538461532,2.35902765,1.4235198749999998,0.3373240453339965,0.19997712553354835,0.17121669442023302,0.4500385398297149,0.37769418638106583,0.09483525047291502,0.4049460438610109,0.23746591671671094,0.16223326450871478,,0.5575003749999997,1.0582623125,,-0.1098128750000005,0.9491798749999999,,0.8975691249999997,1.4412003125000008
MUH731,8.666666666666666,0.8015873015873016,0.65,0.6,0.7623762376237624,0.45,0.45,0.5,0.65,0.55,2.0425710535714288,2.348064,1.7285910000000002,1.9810235792079205,2.242976025,1.694085,1.9101011923076925,2.33184405,1.575134925,0.20306028024367923,0.12949263886323095,0.1348417831068967,0.3056480650872958,0.15431680780156493,0.1976876142757877,0.4171963965892796,0.17068113483496064,0.1772394529755895,,0.87016,0.6785224999999996,,0.6074400624999999,0.7647875000000001,,0.8296101250000001,1.0621626875000003
MUH994,9.083333333333334,0.9087301587301587,0.8,0.9,0.9257425742574258,1.0,0.85,0.6794871794871795,0.45,0.9,1.9558010714285714,2.055400125,1.5270427500000001,1.9779396646039602,2.2187579250000002,1.7754756,1.858627076923077,2.1018551249999997,1.709173425,0.37001316340036433,0.2080656247435356,0.2836650212188526,0.27337836688737044,0.13466732414256163,0.4651101045265802,0.42480152791299475,0.25365224519247,0.11469643438365049,,0.13850031249999953,1.182393125,,0.5468948125000007,0.561311,,0.25463781249999934,0.7270664375000003
MUH1002,12.583333333333334,,,,0.6924603174603174,0.35,0.4,0.46153846153846156,0.4,0.5,,,,1.9899045178571428,2.24085195,1.669500975,1.927475923076923,2.325057825,1.6558941749999998,,,,0.3299921417077496,0.4029822575931424,0.11046206174346813,0.41681618353500716,0.20261700328668283,0.19620334564052047,,,,,0.6021298750000005,0.8262475625000001,,0.8126445625000003,0.8602645625000007
MUH1015,9.75,,,,,,,0.20512820512820512,0.05,0.0,,,,,,,1.995200269230769,2.1286005749999997,2.000778,,,,,,,0.26981657518703384,0.101723421415139,0.12575575154095966,,,,,,,,0.3215014374999992,-0.001944999999999864
MUH1016,11.083333333333334,,,,,,,0.28205128205128205,0.2,0.0,,,,,,,2.0526957692307692,2.1925608,2.105384475,,,,,,,0.2762802993668302,0.11530836398343726,0.1234821995548639,,,,,,,,0.4814019999999998,-0.2634611875000004
MUH1017,12.416666666666666,,,,,,,0.16666666666666666,0.3,0.0,,,,,,,2.1662650192307686,2.215026675,2.2052694749999997,,,,,,,0.35042849466705717,0.24100286071114302,0.2935737227463386,,,,,,,,0.5375666874999997,-0.5131736874999994
MUH1026,15.166666666666666,,,,0.5634920634920635,0.6,0.0,0.4358974358974359,0.4,0.2,,,,2.0066741904761907,2.3601807749999995,1.3755928499999999,1.9717699807692304,2.2335337500000003,1.7568444749999998,,,,0.6339340114493406,0.12865194827410512,0.9663416100694318,0.3694325776498898,0.34778183999419804,0.15901710440617084,,,,,0.9004519374999989,1.5610178750000008,,0.5838343750000009,0.6078888125000005
MUH1027,16.666666666666668,,,,0.6408730158730159,0.65,0.2,0.46153846153846156,0.7,0.0,,,,2.0606698482142853,2.36706,1.8876550499999998,1.9508182500000004,2.2555338,1.7826248999999996,,,,0.4255355460658895,0.3496940484142042,0.20189529219042046,0.4463478863392738,0.37609703403665445,0.3726529341903804,,,,,0.9176500000000001,0.2808623750000006,,0.6388344999999996,0.543437750000001
MUH1029,9.666666666666666,,,,0.5119047619047619,0.15,0.1,0.1282051282051282,0.05,0.05,,,,1.7836258154761904,1.8738812999999996,1.82467185,1.6415806538461537,1.68990195,1.6044686250000002,,,,0.44272210591537964,0.4091032289223846,0.40346650743845097,0.6013441817730406,0.6317635772720491,0.5296675818165499,,,,,-0.31529675000000096,0.4383203749999999,,-0.775245125,0.9888284374999997
MUH1034,8.166666666666666,0.4246031746031746,0.3,0.15,0.5891089108910891,0.4,0.25,0.2564102564102564,0.3,0.35,2.156774654761905,2.5879591500000005,1.8860052749999994,2.127975571782178,2.3176365,1.8056246999999999,1.9262241153846158,2.155959225,1.7495056500000001,0.5505580196618481,0.660486020157985,0.44734008945077597,0.4663734532437791,0.3019864769319368,0.29686550631448017,0.49019521115963305,0.1862739496866231,0.4480854793308826,,1.4698978750000016,0.28498681250000163,,0.7940912499999999,0.48593825000000046,,0.3898980625000005,0.6262358749999998
MUH1036,7.833333333333333,0.7420634920634921,0.5,0.9,0.7029702970297029,0.85,0.8,,,,2.0212339166666666,2.2676087250000005,1.613431275,2.09488840470297,2.3788962000000002,1.6506383249999999,,,,0.2923581382582971,0.18245372889018616,0.13405946322959542,0.3363113326154369,0.10241019974456178,0.17201113802632814,,,,,0.6690218125000015,0.9664218125000004,,0.9472405000000008,0.8734041875000006,,,
MUH1037,13.333333333333334,0.8492063492063492,0.75,0.5,0.7797029702970297,0.8,0.9,0.8846153846153846,0.95,0.9,1.9395682321428571,2.3245877999999998,1.7276233500000004,2.0565468267326734,2.400926775,1.645420575,1.9972449038461537,2.3555807250000003,1.6664373749999999,0.309320091574389,0.09441921739486034,0.10751756319919135,0.3045488653071122,0.1078075439165938,0.07142577985247031,0.3366831500328452,0.1133363960363682,0.055933027661112855,,0.8114694999999996,0.680941624999999,,1.0023169374999998,0.8864485625000004,,0.8889518125000009,0.8339065625000005
MUH1038,7.25,,,,,,,,,,,,,,,,,,,,,,,,,,,,,,,,,,,,
MUH1040,8.25,,,,0.0,0.0,0.0,,,,,,,0.0,0.0,0.0,,,,,,,,,,,,,,,,,,,,,
MUH1041,10.666666666666666,,,,0.6130952380952381,0.4,0.1,0.28205128205128205,0.2,0.15,,,,2.268950544642857,2.4636847499999996,1.929237975,1.956034461538461,2.241831375,1.6400388,,,,0.483923511434187,0.21466752913612228,0.584740777073808,0.5627333524198764,0.4959131683097056,0.6657629291434515,,,,,1.1592118749999993,0.17690506250000018,,0.6045784374999997,0.8999030000000005
MUH1042,15.666666666666666,,,,0.8472222222222222,0.95,0.7,0.6794871794871795,0.7,0.85,,,,1.9982029761904763,2.3915131499999998,1.6415707499999996,1.9868781153846151,2.3802929999999995,1.648263975,,,,0.2904086197389453,0.05591941547490696,0.0800765474130354,0.3749810754311123,0.08781594929588156,0.06214933406373016,,,,,0.9787828749999996,0.8960731250000011,,0.9507324999999991,0.8793400625
MUH1043,9.5,,,,0.5912698412698413,0.25,0.05,0.15384615384615385,0.2,0.15,,,,2.0569786785714284,2.0327841,2.0051037000000003,1.9602620384615381,2.1938474999999995,1.862142225,,,,0.3283157159957881,0.45595044583359906,0.2731699456086382,0.42908252483598286,0.20631205381756312,0.3225576879466874,,,,,0.08196025000000053,-0.01275925000000067,,0.4846187499999989,0.34464443750000023
MUH1046,10.166666666666666,,,,,,,0.21794871794871795,0.2,0.1,,,,,,,1.9853835384615381,2.22986415,1.8931041,,,,,,,0.40136196196465285,0.3863708322734609,0.248611673519197,,,,,,,,0.5746603750000002,0.26723975000000016
MUH1048,11.5,0.5,0.3,0.15,0.6806930693069307,0.8,0.3,0.5641025641025641,0.85,0.5,2.0278534345238093,2.1703143749999994,1.58190885,2.0664777957920792,2.4315042,1.794815775,2.0599080961538463,2.394834225,1.7277068249999998,0.40351632230119105,0.5783991716588593,0.46005337530600726,0.35953804271228285,0.08925175398046517,0.23647120272842587,0.331430556336928,0.10289254179654912,0.20856319448249752,,0.4257859374999985,1.0452278750000001,,1.0787605000000002,0.5129605625000001,,0.9870855624999999,0.6807329375000005
MUH1049,9.416666666666666,,,,0.6150793650793651,0.1,0.65,0.24358974358974358,0.1,0.25,,,,1.9898947857142857,2.071970025,1.629121275,1.9546338461538464,2.277058275000001,1.7684875500000001,,,,0.33917417607499667,0.25680967815641603,0.16403380077485274,0.5829185993404687,0.668289567446223,0.33534071464599535,,,,,0.17992506250000043,0.9271968125000004,,0.6926456875000021,0.5787811249999998
MUH1050,11.5,,,,0.5317460317460317,0.15,0.15,0.1794871794871795,0.2,0.2,,,,2.000581613095238,2.1876876000000003,1.8677335499999999,1.8150640769230768,2.067540675,1.8091471500000005,,,,0.42705150855541363,0.36387898769391364,0.6612293826666613,0.4293336136120288,0.4043537273649174,0.20671454534028189,,,,,0.46921900000000083,0.3306661250000004,,0.16885168750000015,0.4771321249999989
MUH1052,16.25,,,,0.6547619047619048,0.85,0.0,0.34615384615384615,0.7,0.0,,,,2.1329577529761905,2.33679555,2.100516075,2.1580957115384614,2.29394565,2.140688625,,,,0.1365740224732938,0.1032253469849109,0.249918664044834,0.3327412017738695,0.09025321063746732,0.18351038494634198,,,,,0.8419888750000006,-0.2512901874999996,,0.734864125,-0.35172156250000036
MUH1053,8.833333333333334,,,,0.5555555555555556,0.45,0.05,0.2564102564102564,0.45,0.0,,,,1.9757880982142857,2.154168825,1.9113000000000002,1.988948865384616,2.0793148500000003,2.2289047500000003,,,,0.6300858817236179,0.7232655710581418,0.5346309682783414,0.7051935880578931,0.7565084555609669,0.2400281889313102,,,,,0.38542206250000055,0.2217499999999995,,0.19828712500000073,-0.5722618750000009
MUH1054,12.416666666666666,,,,,,,0.5256410256410257,0.45,0.5,,,,,,,2.0562247499999997,2.4540888,1.6626150750000002,,,,,,,0.43809332995795286,0.1910017543072783,0.19945126276000325,,,,,,,,1.1352220000000004,0.8434623124999998
MUH1055,15.666666666666666,,,,,,,,,,,,,,,,,,,,,,,,,,,,,,,,,,,,
MUH1056,9.0,,,,0.7222222222222222,0.4,0.55,0.34615384615384615,0.1,0.5,,,,2.0302249345238095,2.26424415,1.7401419749999998,1.809859884615385,2.0703728999999997,1.59956685,,,,0.3520002762587343,0.3285807020552701,0.17538689175059105,0.4653525452507347,0.49757183718078657,0.32850264779426774,,,,,0.6606103750000004,0.6496450625000006,,0.17593224999999937,1.0010828750000003
MUH1057,13.5,,,,0.782608695652174,0.75,0.75,,,,,,,1.7916980217391307,1.691534175,1.691534175,,,,,,,0.6001691670606895,0.4569334634395643,0.4569334634395643,,,,,,,,,,,,
MUH1058,12.333333333333334,,,,,,,0.38461538461538464,0.2,0.65,,,,,,,1.7843451923076923,1.850292075,1.498041675,,,,,,,0.5557995238735339,0.744747373388511,0.3780200344613913,,,,,,,,-0.37426981249999997,1.2548958125
MUH1059,7.166666666666667,,,,,,,0.02564102564102564,0.0,0.1,,,,,,,0.8816167884615385,0.9407793750000002,0.8271426749999999,,,,,,,0.671900636276793,0.783872383985259,0.7410417513558065,,,,,,,,-2.6480515625,2.932143312500001
MUH1060,8.75,,,,,,,0.11538461538461539,0.05,0.25,,,,,,,0.9471274230769234,0.40670609999999996,0.9197308499999999,,,,,,,0.9171693213019011,1.051958795319607,0.9549807711578211,,,,,,,,-3.9832347500000007,2.700672875000001
MUH1061,10.5,,,,,,,0.34615384615384615,0.1,0.75,,,,,,,1.819848423076923,2.1102114,1.559585775,,,,,,,0.36161440251932675,0.2512947622428165,0.09258004227402293,,,,,,,,0.2755284999999997,1.1010355625000003
MUH1062,14.75,0.8078817733990148,0.45,0.7,0.7797619047619048,0.7,0.35,,,,2.0019827290640397,2.2493757,1.641490725,2.0422729464285716,2.36645805,1.917595275,,,,0.19536142183119576,0.11087670438924968,0.11863303653931656,0.2383536746601886,0.14037200768361532,0.25413899197939305,,,,,0.6234392499999998,0.8962731875000004,,0.9161451249999999,0.20601181249999995,,,
MUH1063,9.333333333333334,,,,,,,,,,,,,,,,,,,,,,,,,,,,,,,,,,,,
MUH1064,10.75,0.7857142857142857,0.4,1.0,0.873015873015873,1.0,0.7,0.8076923076923077,0.95,1.0,2.0147591130952383,2.32890675,1.6841420999999996,2.042843095238095,2.41553685,1.55599515,1.9695533653846151,2.373128025,1.61401665,0.238461587617582,0.2729734539561013,0.2082902557017617,0.33059221751356543,0.06751651950645705,0.2236895476947259,0.3905293764500175,0.08701842749390788,0.06492799084777647,,0.8222668749999997,0.7896447500000011,,1.0388421250000004,1.1100121250000003,,0.9328200625000007,0.9649583750000004
MUH1065,10.75,0.48412698412698413,0.3,0.2,0.5618811881188119,0.35,0.15,0.32051282051282054,0.35,0.15,1.7598847023809527,1.7454080250000004,1.673249625,1.758035777227723,1.8388434,1.7319303000000001,1.8856731923076926,2.2669159499999996,1.7466326999999997,0.6782639524053689,0.6545453659226395,0.3970566428485751,0.5996695889429889,0.7838674910635424,0.4500104304476965,0.5588361935152656,0.4411347843020406,0.42107338469475847,,-0.6364799374999992,0.8168759375000003,,-0.40289150000000007,0.6701742499999997,,0.667289874999999,0.6334182500000008
MUH1066,7.5,0.3888888888888889,0.1,0.15,0.5945945945945946,0.65,0.65,,,,1.827182482142857,1.948017,1.555519425,1.680244945945946,1.5978548999999997,1.5978548999999997,,,,0.6328862310535851,0.43167001375968833,0.903471213539644,0.6578169519603141,0.6599734224606401,0.6599734224606401,,,,,-0.12995749999999975,1.1112014375000003,,,,,,
MUH1067,13.333333333333334,0.7896825396825397,0.45,0.55,0.8465346534653465,0.7,0.9,0.6794871794871795,0.5,0.8,1.9641177083333332,2.2430037,1.71572955,1.9669980222772276,2.2783073999999996,1.628898075,1.9357952307692308,2.2560374249999997,1.6835327249999998,0.15514279358933955,0.07093183437628135,0.11416273638722231,0.24844360072777857,0.06413370406559783,0.08548542011903723,0.32838131093766715,0.08700732924863812,0.06238464041595728,,0.6075092500000002,0.710676125,,0.6957684999999992,0.9277548125000004,,0.6400935624999994,0.7911681875000006
MUH1068,15.0,0.8531746031746031,0.55,0.8,0.7797029702970297,0.75,0.85,0.717948717948718,0.55,0.95,1.9961509464285716,2.340855825,1.65941115,1.9404661596534651,2.29526955,1.6484409,1.924588903846154,2.3227542750000003,1.5851988000000001,0.2400130458887909,0.15307164444204366,0.11174226017587593,0.26256008067402314,0.14611535758478283,0.0820346238686992,0.38379419911292,0.12650654976880546,0.08827773497028683,,0.8521395624999997,0.8514721250000004,,0.7381738750000001,0.8788977500000003,,0.806885687500001,1.037003
MUH1069,16.75,0.9206349206349206,0.9,0.9,0.9306930693069307,0.85,0.95,0.8846153846153846,0.8,1.0,1.966686226190476,2.3648313750000005,1.6256001000000002,1.9121776076732673,2.3846058749999997,1.669474125,1.9500190769230772,2.36979975,1.586219325,0.28833836070831204,0.10359963572163078,0.09103833365048974,0.3176594004997627,0.10943392045188918,0.05525585367796719,0.3900894341958114,0.11328687409956191,0.04074355429172848,,0.9120784375000015,0.9359997499999997,,0.9615146874999994,0.8263146875000001,,0.9244993749999999,1.0344516875
MUH1070,10.583333333333334,0.6944444444444444,0.4,0.3,0.7376237623762376,0.85,0.8,0.3717948717948718,0.2,0.8,1.9710466011904764,2.2523669250000005,1.7463978,1.9730459888613863,2.3659701749999997,1.6774899,1.678304442307692,1.790378025,1.6869068249999999,0.35604816334580497,0.1630254095298511,0.26749350271604727,0.3267203234792795,0.0981577337301221,0.10825268325051739,0.543012382804714,0.5796197947237408,0.08201768201804105,,0.6309173125000013,0.6340055000000001,,0.9149254374999995,0.80627525,,-0.5240549374999999,0.7827329375000005
MUH1071,10.583333333333334,0.6071428571428571,0.35,0.35,0.7079207920792079,0.0,0.65,0.7435897435897436,0.95,0.8,1.9802637857142857,2.2393003499999997,1.8298401000000002,2.0978126101485146,2.0066985749999997,1.7216109,2.03168,2.3874471,1.6676207250000001,0.20487506954116141,0.2621229830493443,0.19368077597758368,0.2531602860679932,0.3056082518569482,0.12417371021662821,0.3874034953750401,0.09954985349702399,0.13184437728380605,,0.5982508749999994,0.42539974999999963,,0.01674643749999927,0.6959727500000003,,0.9686177500000006,0.8309481874999999
MUH1072,15.25,0.8888888888888888,0.95,0.7,0.8663366336633663,0.7,0.95,0.8589743589743589,1.0,0.8,2.0343723928571427,2.3850718499999997,1.66618005,1.9503305235148516,2.3203389000000003,1.6295913000000002,1.9621346346153847,2.37276975,1.612878075,0.18752176756753822,0.08053993415627654,0.10195834799188447,0.328158196342476,0.07588120446610161,0.08222391529975363,0.3848098420858972,0.05979785360553461,0.09172485966913785,,0.9626796249999994,0.8345498750000004,,0.800847250000001,0.9260217499999998,,0.9319243749999997,0.9678048125000002
MUH1073,17.666666666666668,0.7976190476190477,0.35,0.75,0.8762376237623762,0.9,0.85,0.8717948717948718,0.95,0.9,1.9780020059523808,2.1793097999999995,1.65824055,2.013855891089109,2.3349148500000005,1.6679201249999998,1.947132384615385,2.35382745,1.624188225,0.3044725173178712,0.1721414941746897,0.09935887349320885,0.287996372699275,0.05571379798485622,0.08502954555606192,0.3734744664235343,0.07386404782416847,0.08132599936423436,,0.4482744999999989,0.8543986250000004,,0.8372871250000016,0.8301996875000008,,0.8845686249999998,0.9395294375000004
MUH1074,9.25,0.5634920634920635,0.45,0.35,0.5841584158415841,0.55,0.4,0.41025641025641024,0.3,0.45,2.0508949583333336,2.2222837500000003,1.8150314250000001,2.054805887376238,2.384920125,1.7793894000000001,1.9951495961538466,2.204936325,1.7239854750000003,0.44812862761051636,0.1714715082098957,0.2176542556500099,0.4016033557709403,0.4672187567262952,0.08688977262398244,0.39888596036146395,0.3238234499371807,0.23931997509904446,,0.555709375000001,0.46242143749999975,,0.9623003124999998,0.5515264999999998,,0.5123408124999996,0.6900363124999993
MUH1075,7.583333333333333,0.38492063492063494,0.2,0.35,0.44554455445544555,0.05,0.05,0.14102564102564102,0.05,0.1,1.9206167857142857,1.908260625,1.717592925,1.6017310247524752,1.595898225,2.132319525,1.8390473461538461,1.64788395,1.962397575,0.510803574687776,0.42465447192960604,0.4185294049020198,0.4662940492484871,0.28032598479099086,0.23217159297078407,0.47066870668397637,0.4513624333988533,0.15739006648896867,,-0.22934843749999995,0.7060176875000003,,-1.0102544375000002,-0.3307988125000006,,-0.8802901250000003,0.09400606250000001
MUH1076,8.0,,,,,,,,,,,,,,,,,,,,,,,,,,,,,,,,,,,,
MUH1077,12.916666666666666,0.4774774774774775,0.0,0.5,,,,,,,1.6640193243243249,1.0772535,1.692601875,,,,,,,0.7774383219840852,0.7141128513144386,0.5662725955767536,,,,,,,,-6.922329332333073,,,,,,,
MUH1078,10.416666666666666,0.532967032967033,0.25,0.0,0.6138613861386139,0.35,0.4,0.4666666666666667,0.4666666666666667,0.4666666666666667,1.7810376346153844,1.37046,1.488531,1.9295506336633663,2.1224952750000003,1.7688186000000001,1.7457013000000001,1.7457013000000001,1.7457013000000001,0.6610051249084723,0.57846497923786,0.9968655959753301,0.39093152914878193,0.31787126245974073,0.2843551722275655,0.5985479300128234,0.5985479300128234,0.5985479300128234,,-3.1476999999999973,2.557345,,0.3062381875000009,0.5779534999999998,,,
MUH1079,15.333333333333334,0.876984126984127,0.75,0.8,0.8811881188118812,1.0,0.7,0.8717948717948718,0.95,1.0,1.9758879642857141,2.3155126499999996,1.7100754500000002,1.9796555606435642,2.401060575,1.69482885,1.9766863846153848,2.3815641000000003,1.623699225,0.2184479964034735,0.10797177499699925,0.11347640520551303,0.40868351518985313,0.07461657230984536,0.19955340564410454,0.37585608432928636,0.07631058350455246,0.06773802675953629,,0.7887816249999993,0.7248113749999997,,1.0026514374999997,0.7629278750000004,,0.953910250000001,0.9407519375000003
MUH1080,15.666666666666666,0.9166666666666666,0.9,0.85,0.8836633663366337,0.95,0.95,0.7948717948717948,0.65,0.95,2.000783541666667,2.3442000750000003,1.6523340000000002,1.9716506175742574,2.3251979250000003,1.6877618249999997,1.9255074423076923,2.305415775,1.5877135500000001,0.2024159426809843,0.0636146269274017,0.08003043926811455,0.32508490395996437,0.057210321999359444,0.054833972515430825,0.38944177449267864,0.09952831382490265,0.07465960464385224,,0.8605001875000009,0.8691649999999997,,0.812994812500001,0.7805954375000009,,0.7635394375000006,1.0307161249999999
MUH1081,10.416666666666666,0.8253968253968254,0.5,0.8,0.7524752475247525,0.65,0.65,0.375,0.05,0.0,1.9786044345238094,2.34018795,1.6585552500000003,1.9399239987623764,2.3194923000000003,1.6812720000000003,1.516799464285714,1.09026375,0.536801625,0.24927904317199168,0.18301463678357452,0.09091518758935657,0.26566380624682906,0.17702553267153898,0.16079682246001273,0.6975724600988309,0.7255277249179876,0.14498118288613354,,0.8504698749999997,0.8536118749999996,,0.7987307500000009,0.7968199999999994,,-2.2743406250000002,3.6579959375000013
MUH1082,11.75,0.7103174603174603,0.35,0.9,0.6955445544554455,0.2,0.8,0.47435897435897434,0.6,0.6,2.0215507678571427,2.34898725,1.5570824999999997,1.8366990334158415,2.2737159750000004,1.6369923749999997,1.931018576923077,2.2742964750000003,1.61936505,0.33492481637550237,0.2611467360765984,0.115387536128999,0.3992034924277272,0.40448370550868773,0.11422331705143896,0.4426229080624311,0.1785108476068844,0.27694471279832145,,0.8724681250000001,1.107293750000001,,0.6842899375000012,0.9075190625000009,,0.6857411875000009,0.951587375
MUH1083,16.583333333333332,0.6031746031746031,0.6,0.05,0.6757425742574258,1.0,0.05,0.3717948717948718,0.65,0.0,2.1716125952380954,2.269835625,2.2408301249999996,2.251187818069307,2.3598282,2.09473665,2.1620619038461544,2.30186865,2.2293594750000003,0.21489082843713295,0.13123468496982152,0.20933736823416704,0.1899453842928011,0.05073717939471585,0.2017927524480383,0.2935119094792624,0.11334436485587443,0.19069679130587022,,0.6745890624999996,-0.602075312499999,,0.8995705,-0.23684162500000056,,0.7546716249999998,-0.5733986875000009
MUH1084,15.166666666666666,0.8492063492063492,0.8,0.85,0.9183168316831684,0.9,1.0,0.8717948717948718,0.85,1.0,1.9677794285714285,2.3767456499999997,1.6071303000000001,2.005565535891089,2.34152865,1.5923991750000002,1.9899865384615385,2.3886606,1.5898086,0.3767748975288392,0.10090766990189073,0.11272306255147703,0.3352161811240695,0.09950745816323465,0.045727595301235255,0.3864475717894887,0.07917885608521483,0.07646783839948317,,0.9418641249999995,0.9821742499999999,,0.8538216249999999,1.0190020624999998,,0.9716515000000006,1.0254785000000002
MUH1085,17.916666666666668,0.8412698412698413,0.8,0.95,0.8094059405940595,0.6,0.7,0.8205128205128205,0.75,1.0,1.9508483571428572,2.303819775,1.6054047,2.0014463836633665,2.3317161,1.6804172999999998,1.9549910576923077,2.3519119500000003,1.58167305,0.3119597981019065,0.09761277083340918,0.08112111484450762,0.32713648286064495,0.17291952833567284,0.12004963166643773,0.3771195909545587,0.12232564358354694,0.07356594273577026,,0.7595494375000003,0.9864882500000002,,0.8292902500000001,0.7989567500000008,,0.879779875000001,1.0458173750000002
MUH1086,17.75,0.7103174603174603,0.6,0.45,0.8415841584158416,0.95,0.6,0.7051282051282052,0.9,0.65,2.0721676369047617,2.2609670250000002,1.7550009749999997,2.0665876522277227,2.3340424499999997,1.7497926,1.9397519230769233,2.31657465,1.6933069499999998,0.24632819699397981,0.12456233707523348,0.1816993010270624,0.3277296683030098,0.055194819616971355,0.18646175371476104,0.49002930596264777,0.05051886641253833,0.21329575086490507,,0.6524175625000007,0.6124975625000008,,0.8351061249999994,0.6255185000000003,,0.7914366250000007,0.7667326250000008
MUH1087,13.166666666666666,0.8611111111111112,0.9,0.7,0.8613861386138614,0.55,0.8,0.7692307692307693,0.8,0.8,1.9783648869047616,2.381817225,1.5624813,1.9518142945544557,2.2581345,1.6882164000000004,1.9322319615384618,2.366937825,1.6217128500000002,0.2956388922800076,0.09987434600345459,0.1172938888840201,0.30099182845925265,0.06409949132711382,0.0738588169189954,0.4247930932730798,0.11058605267669382,0.11767514450318187,,0.9545430624999998,1.0937967500000003,,0.6453362500000005,0.7794589999999992,,0.9173445625000001,0.9457178749999997
MUH1088,15.583333333333334,0.8690476190476191,0.55,0.9,0.8415841584158416,0.95,1.0,0.7564102564102564,0.7,1.0,2.0041973095238093,2.32136265,1.6779696000000002,1.949778103960396,2.4678802499999994,1.6449753750000002,1.9562755769230766,2.3861853,1.6032338249999998,0.21870733969867392,0.12347753879308322,0.045252533175270435,0.35920096744559327,0.060213235766840796,0.05020891049244964,0.4067704432878866,0.15305199602744238,0.04960608680348214,,0.8034066250000007,0.8050759999999998,,1.1697006249999988,0.8875615624999996,,0.9654632500000007,0.9919154375000008
MUH1089,15.583333333333334,0.626984126984127,0.1,0.05,0.6757425742574258,0.0,0.8,0.717948717948718,0.5,0.9,2.0279685833333336,2.1741763500000006,1.9673498999999999,1.9143339913366335,1.9374459749999997,1.6757254500000003,1.8738392499999998,2.23174035,1.6989488249999998,0.30844622943039784,0.07245251946076928,0.11354862640280226,0.160064128604948,0.1169554424651672,0.07542621940205432,0.6413348227676302,0.11178063886894725,0.06119115851860741,,0.4354408750000017,0.08162525000000033,,-0.15638506250000075,0.8106863749999995,,0.5793508749999999,0.7526279375000008
MUH1090,9.166666666666666,0.6944444444444444,0.35,0.4,0.6831683168316832,0.4,0.5,0.47435897435897434,0.3,0.8,2.078820464285714,2.191679625,1.7015292000000002,1.9969871064356435,2.162351775,1.718790225,1.8899522115384615,2.2958761500000002,1.6444431000000002,0.277831433613692,0.2466779974392824,0.24874613991997838,0.36327725457750043,0.2923003731044252,0.16168128147340036,0.4833808538276952,0.34966418237913793,0.12994312462731736,,0.4791990624999999,0.7461769999999996,,0.4058794374999998,0.7030244375000001,,0.7396903750000007,0.8888922499999998
MUH1091,11.833333333333334,0.7182539682539683,0.55,0.45,0.7178217821782178,0.6,0.65,0.6025641025641025,0.6,0.7,2.0448637321428573,2.451224025,1.7908766999999997,1.9586671633663364,2.2992123749999998,1.7244447749999998,1.992688596153846,2.4495942,1.6280502000000001,0.33336094600161886,0.3700698851027464,0.20455012248554788,0.4043064254207194,0.1760519068609921,0.20590897314816942,0.43029291651673107,0.1947986161581804,0.13892316254435874,,1.1280600625000006,0.522808250000001,,0.7480309374999995,0.6888880625000006,,1.1239855,0.9298744999999999
MUH1092,14.5,,,,,,,0.6706349206349206,0.5,0.45,,,,,,,1.950918232142857,2.216940225,1.7665479000000002,,,,,,,0.3298703699645158,0.24315367753799105,0.11267600282068659,,,,,,,,0.5423505625000004,0.5836302499999997
MUH1093,8.25,,,,,,,0.24206349206349206,0.2,0.2,,,,,,,1.8396200714285715,2.1798903000000003,1.9025653500000002,,,,,,,0.48058081341313624,0.28265986309582875,0.27280665460363857,,,,,,,,0.4497257500000008,0.24358662499999967
MUH1094,9.666666666666666,,,,,,,0.6507936507936508,0.9,0.4,,,,,,,2.0150686726190474,2.351511375,1.6453376250000002,,,,,,,0.44205496282226464,0.116565127601751,0.3316742396065387,,,,,,,,0.8787784374999998,0.8866559374999996
MUH1095,13.333333333333334,,,,,,,0.8888888888888888,0.9,1.0,,,,,,,2.0055826964285712,2.368465575,1.62205215,,,,,,,0.25268733011974687,0.07261717329912121,0.06579915903000022,,,,,,,,0.9211639375000005,0.9448696250000002
MUH1096,15.333333333333334,0.8611111111111112,0.85,0.8,0.7896039603960396,0.45,1.0,0.6794871794871795,0.65,0.7,2.0116128452380955,2.3329283999999997,1.6162635,1.8655094368811882,2.307884325,1.6600480499999997,1.9182316346153847,2.3426719499999997,1.5627553500000002,0.23199346049102654,0.09360848968887163,0.1576306266299895,0.3796652289230329,0.17393825564892693,0.053295885867657926,0.5344138066372998,0.13120290602966436,0.17477578503705377,,0.8323209999999994,0.95934125,,0.7697108124999998,0.8498798750000011,,0.8566798749999995,1.0931116249999997
MUH1097,14.916666666666666,0.8571428571428571,0.85,0.5,0.7772277227722773,0.65,0.65,0.7307692307692307,0.7,0.8,2.0036555535714284,2.3412887249999996,1.7039700750000002,1.9414121881188118,2.191328475,1.72083345,1.9099034038461542,2.296992225,1.5558548250000002,0.23054582275356816,0.08460900254210774,0.20700225734093838,0.3426755520672594,0.32904298978338903,0.22925213507706332,0.371074649647008,0.11461726913761791,0.08238567909777754,,0.8532218124999993,0.7400748124999996,,0.4783211875000005,0.6979163750000001,,0.7424805624999998,1.1103629375
MUH1098,9.0,,,,,,,0.5515873015873016,0.1,0.4,,,,,,,1.9531306607142855,2.0873325749999996,1.695999075,,,,,,,0.362393189917315,0.23518732111392412,0.21410943070513186,,,,,,,,0.218331437499999,0.7600023125000002
MUH1099,14.916666666666666,0.8690476190476191,0.75,0.2,0.7920792079207921,0.9,0.55,0.8205128205128205,0.8,1.0,2.0267804464285715,2.3144838749999996,1.9115130749999998,2.0006237710396038,2.3770778999999997,1.6319447249999999,1.954873211538461,2.34788205,1.6459289250000002,0.17234214706056186,0.08027255105852861,0.28223045504028094,0.26329122524309956,0.09898475127468132,0.14807203653169657,0.42603963586812704,0.10351132532899861,0.06717857711300747,,0.7862096874999993,0.2212173125000006,,0.9426947499999996,0.9201381875000005,,0.8697051250000001,0.8851776874999997
MUH1100,14.5,0.9285714285714286,1.0,0.95,0.9628712871287128,1.0,0.9,0.9743589743589743,1.0,1.0,2.0605624999999996,2.4167718750000002,1.686018825,2.0133351274752473,2.3284526249999997,1.6949841749999996,2.008971423076923,2.292717975000001,1.7145782249999997,0.2442522433980415,0.0739759204693405,0.09824644364171191,0.29533736289733026,0.08323494378768344,0.11809141835885974,0.44763862847433483,0.062333514670654594,0.08326362493665193,,1.0419296875000008,0.7849529375,,0.8211315624999995,0.7625395625000011,,0.7317949375000022,0.7135544375000009
MUH1101,8.583333333333334,,,,,,,0.7817460317460317,0.5,0.45,,,,,,,2.0511722738095237,2.103375375,1.7257050000000003,,,,,,,0.34478029215960965,0.5841125962429963,0.2501013645239403,,,,,,,,0.25843843750000045,0.6857374999999994
MUH1102,14.5,0.9234449760765551,0.5,0.95,0.8094059405940595,0.75,0.95,0.8717948717948718,0.9,0.95,1.9852154282296648,2.2529453999999998,1.6327185,1.89469849009901,2.3697405,1.5818507250000002,1.945750673076923,2.347920675,1.580323125,0.34803574598938347,0.10953120992433835,0.06842069861160434,0.32436695874224725,0.12251950775907611,0.058677024186481394,0.39245767747465166,0.1133318944624795,0.06666001572529595,-0.03696142942583803,0.6323634999999995,0.9182037500000003,,0.9243512499999997,1.0453731874999996,,0.8698016875000005,1.0491921875
MUH1103,17.916666666666668,0.8767772511848341,0.7142857142857143,0.7272727272727273,0.8391089108910891,0.75,0.6,0.7051282051282052,0.85,0.8,2.0760880379146918,2.3741845714285716,1.690223318181818,1.9681511287128712,2.2878575999999997,1.5271314,2.001667711538461,2.436820725,1.6291765499999997,0.40928151033072985,0.12905002534593202,0.10662311750724435,0.37773846811572065,0.07633329517762014,0.4096886592440013,0.40300884318796865,0.09758030234868026,0.11440411161465952,0.19022009478672947,0.9354614285714293,0.7744417045454551,,0.7196439999999994,1.1821715000000002,,1.0920518125000003,0.9270586250000009
MUH1104,11.333333333333334,0.7301587301587301,0.6,0.55,0.7772277227722773,0.75,0.8,0.6282051282051282,0.8,0.4,2.0518833214285714,2.367574725,1.7297289,2.1031904405940596,2.3787413249999996,1.659092925,2.061342211538461,2.3881846500000004,1.7298377999999999,0.2812026323064767,0.1549585622095108,0.19399697877697672,0.30864511998330335,0.1189726485959201,0.08269147572823027,0.36977806704227717,0.11218540595478309,0.12512705150591194,,0.9189368124999999,0.6756777500000001,,0.9468533124999992,0.8522676875000004,,0.9704616250000011,0.6754055000000004
MUH1105,14.0,0.8531746031746031,0.85,0.9,0.7995049504950495,0.95,0.9,0.7051282051282052,0.8,0.75,1.9953714345238094,2.3774920500000003,1.6054302,2.0880037982673265,2.3218246500000004,1.5762120000000002,1.941277923076923,2.1615010499999996,1.6097177999999999,0.28869269095769134,0.09337153614006395,0.10471620650651833,0.3474402755218895,0.058492975899967714,0.08092835741194022,0.451067105607316,0.5945862122741747,0.1433308017412866,,0.943730125000001,0.9864245000000001,,0.8045616250000012,1.05947,,0.4037526249999991,0.9757055000000006
MUH1106,17.75,0.8531746031746031,0.85,1.0,0.8910891089108911,0.85,0.8,0.8461538461538461,0.95,0.95,2.024296083333333,2.419259025,1.5984804,1.962328214108911,2.430588825,1.672986225,1.988727461538462,2.3790229500000004,1.6403096249999998,0.3188498249108509,0.08067086942966965,0.07338053925986385,0.3420864305940967,0.09774078640455544,0.08950886183126383,0.3772242514893664,0.07106660130467311,0.06392629368385598,,1.0481475625000005,1.0037990000000006,,1.0764720625000004,0.8175344375000001,,0.9475573750000013,0.8992259375000008
MUH1114,17.25,,,,0.905940594059406,0.95,0.75,0.8611111111111112,0.95,0.9,,,,1.9518926064356437,2.361947625,1.65818325,2.015800321428572,2.35080135,1.61924055,,,,0.37317668565689616,0.0746945034849629,0.09874101558096575,0.27512796744535684,0.0623156043115459,0.07954910586746503,,,,,0.9048690625000002,0.8545418750000002,,0.8770033749999997,0.9518986250000002
MUH1117,16.25,0.8214285714285714,0.8,0.4,0.75,0.7,0.95,0.8333333333333334,0.9,0.9,2.0373770297619043,2.3321945250000002,1.7940435750000003,1.9956265507425743,2.34402045,1.6761221249999998,1.9649007884615384,2.3632067999999995,1.6751808000000001,0.21070195492753496,0.11921986487384902,0.0923991181337894,0.3127265006896518,0.1024275360781953,0.04787846679845121,0.3695634919663474,0.08412187389740275,0.06478261346721129,,0.8304863125000008,0.5148910624999993,,0.860051125,0.8096946875000007,,0.908016999999999,0.8120479999999999
MUH1118,16.833333333333332,0.75,0.15,0.35,0.5866336633663366,0.45,0.3,0.48717948717948717,0.2,0.3,2.0263361428571427,2.1487191749999996,1.8085576500000002,2.000441157178218,2.13057855,1.7953620000000001,1.9299188846153852,2.0452814249999998,1.80838215,0.1299750379258116,0.11859105383331711,0.11694239982134925,0.22113442466191308,0.28888579613349213,0.11963165566404672,0.2903704289001247,0.3061979017274558,0.10271804707151921,,0.3717979374999992,0.4786058749999995,,0.32644637500000023,0.5115949999999998,,0.11320356249999944,0.47904462500000033
MUH1134,,0.6507936507936508,0.2,0.7,,,,,,,1.755867023809524,1.5384063000000001,1.893498525,,,,,,,0.5830003665522513,0.5999117714073593,0.29015565957527895,,,,,,,,-3.4628184546136476,,,,,,,
MUH1140,10.416666666666666,0.6706349206349206,0.3,0.2,0.6732673267326733,0.85,0.0,0.3717948717948718,0.45,0.1,2.1120962261904763,2.148158025,2.0210202749999997,2.1435775358910893,2.3473941000000003,1.9546592249999997,2.002994076923077,2.346654975,1.6712694749999997,0.25849642631052977,0.2576516524881626,0.3285635983620889,0.30679642121709305,0.09703156696183167,0.57183546236521,0.46138491964734546,0.17714320888155602,0.5231062558059579,,0.3703950624999997,-0.05255068749999926,,0.8684852500000009,0.11335193750000086,,0.8666374374999999,0.821826312500001
MUH1141,11.416666666666666,0.626984126984127,0.65,0.05,,,,0.34615384615384615,0.6,0.05,1.9695823809523807,2.354957325,2.3009258249999998,,,,2.222244480769231,2.2939089000000004,2.3340431999999995,0.3435565465538556,0.14293792113088039,0.23840854987065435,,,,0.3231713757764094,0.15359445108737357,0.24463534989193073,,0.8873933125000002,-0.7523145624999996,,,,,0.734772250000001,-0.8351079999999991
MUH1143,9.25,0.7103174603174603,0.2,0.5,0.7623762376237624,0.5,0.45,0.5384615384615384,0.4,0.45,1.9778088452380953,2.11038,1.685205825,1.9183427487623763,2.2487418,1.7786874000000001,1.9432068846153845,2.2203897749999997,1.7440528499999999,0.30521770828896083,0.14061368407776337,0.18778037807035133,0.2797500114585501,0.1390951934337738,0.11276483288073924,0.33039805381522624,0.1358728108844594,0.16754072369027337,,0.2759500000000004,0.7869854375000004,,0.6218544999999999,0.5532814999999998,,0.5509744374999993,0.6398678750000004
MUH1144,16.583333333333332,0.8928571428571429,0.9,0.85,0.948019801980198,1.0,0.9,0.8717948717948718,1.0,0.95,2.0645296666666666,2.33700645,1.7041640999999998,2.015759056930693,2.363299875,1.6502934,1.9663123846153843,2.3650260000000003,1.6573656749999999,0.22082775120327158,0.05843684898920244,0.0625004551308902,0.3148470403670725,0.04016789257730578,0.07199151435916815,0.3755210034827191,0.03531083488370401,0.05668247338864642,,0.8425161250000004,0.7395897500000005,,0.9082496875000003,0.8742665000000002,,0.912565000000001,0.8565858125000005
MUH1145,7.75,0.6746031746031746,0.5,0.3,0.7376237623762376,0.35,0.5,0.5769230769230769,0.5,0.8,2.0193319642857146,2.1658451999999997,1.8096098249999997,1.9385917425742576,2.2174126500000004,1.694215725,1.9674948269230772,2.3430412499999997,1.6205382750000001,0.24803175157888055,0.46122249200017623,0.16287245235776845,0.32476315771334185,0.3277556187267027,0.16117582808506753,0.40240546018938744,0.17758004425636376,0.1468093312332158,,0.41461299999999934,0.47597543750000093,,0.5435316250000012,0.7644606875000001,,0.8576031249999996,0.9486543124999999
MUH1146,8.5,0.6071428571428571,0.6,0.4,0.6658415841584159,0.3,0.3,0.6025641025641025,0.85,0.5,2.114903380952381,2.431896825,1.8545498999999996,1.9923248094059403,1.6361283,1.57000515,2.001723673076923,2.37907365,1.6286925,0.2644168740423771,0.18268219929971533,0.2159857413009748,0.43996320607030537,0.6970212907163446,0.35485443295837965,0.4327726595001393,0.10811669083328193,0.2595800212280659,,1.0797420625,0.36362525000000095,,-0.9096792500000003,1.074987125,,0.9476841250000003,0.92826875
MUH1148,12.333333333333334,0.5833333333333334,0.05,0.6,0.5767326732673267,0.15,0.15,0.32051282051282054,0.15,0.35,1.8960607678571426,1.8876602249999999,1.601337225,1.808366131188119,1.831413075,1.9072818750000002,1.7345614423076923,1.841515875,1.599131325,0.4224473045964119,1.012464663712419,0.20054912712793266,0.5557912305300393,0.47410945305688856,0.7103999632564462,0.5876529802864875,0.8235504957768125,0.21409428727298704,,-0.2808494375000004,0.9966569375000003,,-0.42146731250000025,0.23179531249999946,,-0.39621031250000005,1.0021716875
MUH1155,12.666666666666666,0.6468253968253969,0.2,0.2,0.6039603960396039,0.2,0.2,0.44871794871794873,0.45,0.3,1.9651440773809525,1.9314071250000002,1.87554345,1.8545530915841582,2.0396040749999997,1.5330949500000002,1.948836980769231,2.2243831500000004,1.813911975,0.28472606007747514,0.5119793641006358,0.3080294760011186,0.4121372706303062,0.24975426617478877,0.5209014512551876,0.41051878348629534,0.20672741989081456,0.19289158736317716,,-0.17148218749999947,0.31114137500000033,,0.09901018749999937,1.1672626249999998,,0.5609578750000012,0.46522006250000036
MUH1156,12.416666666666666,,,,,,,0.753968253968254,0.35,0.75,,,,,,,1.9973342321428573,2.3747387250000003,1.585377075,,,,,,,0.3042506245463619,0.2957394409740509,0.21230955283105613,,,,,,,,0.9368468125000009,1.0365573125000003
MUH1165,9.083333333333334,,,,,,,0.6904761904761905,0.5,0.3,,,,,,,1.9835479166666665,2.188920075,1.7140981499999999,,,,,,,0.2749394955368558,0.19540526362141472,0.22637201294492978,,,,,,,,0.4723001875,0.7147546250000004
MUH1166,11.166666666666666,,,,,,,0.6825396825396826,0.85,0.15,,,,,,,2.1158528571428574,2.3192422500000003,1.8676088999999998,,,,,,,0.23650643173570152,0.08103227564055478,0.12588141722184,,,,,,,,0.7981056250000009,0.33097775000000057
MUH1169,10.916666666666666,0.5833333333333334,0.3,0.15,0.6262376237623762,0.4,0.1,0.37662337662337664,0.85,0.05,2.0579270595238097,2.2515573000000004,2.057199825,2.129603108910891,2.1869039999999993,2.1079339499999996,2.1687575064935065,2.3791428750000003,2.119305,0.2819205316766394,0.2162066264183286,0.38785300198326195,0.4371372107192162,0.15710407578752575,0.24439624865175413,0.3628542654451601,0.10552635056129912,0.27347063589629933,,0.6288932500000012,-0.14299956250000026,,0.46725999999999834,-0.2698348749999991,,0.947857187500001,-0.2982625000000006
MUH1172,7.416666666666667,0.5674603174603174,0.05,0.55,0.49872122762148335,0.0,0.35,0.46153846153846156,0.65,0.15,1.7399606607142857,1.4833317,1.7433237000000001,1.7379668171355498,1.6632479999999998,1.7303524499999998,1.9895620961538463,2.4088643249999997,1.66027305,0.44948186443407984,0.4011976139857094,0.15058732386544985,0.3383080004572611,0.35898257072421097,0.19043203314229434,0.4625644949499886,0.2055147285700413,0.3716772903210066,,-1.2916707500000004,0.6416907499999998,,-0.8418800000000006,0.6741188750000006,,1.0221608124999995,0.8493173750000002
MUH1189,7.25,0.5595238095238095,0.7,0.45,0.745049504950495,0.6,0.45,0.5128205128205128,0.5,0.25,2.098812636904762,2.3039043,1.76449335,1.9796169727722772,2.26767555,1.7147228250000002,1.9956871153846152,2.2735372499999995,1.77530805,0.4131848246423762,0.19580686604295358,0.1491374270217256,0.32309780483845907,0.19027908687005676,0.16940523005327185,0.40834460324301375,0.4829543232429057,0.16573311356308112,,0.7597607500000005,0.5887666250000002,,0.6691888749999998,0.7131929374999997,,0.6838431249999989,0.561729875
MUH1207,13.916666666666666,0.5158730158730159,0.55,0.05,0.7524752475247525,0.8,0.15,0.5641025641025641,0.9,0.35,2.019076511904762,2.2179013500000004,2.0131866,2.1677692611386137,2.3437782749999996,2.0384868750000003,2.0680159038461547,2.4001759500000004,1.7349024,0.3301129908994548,0.4419513320892953,0.1835809701053777,0.3531432610941294,0.10556831527829132,0.43290170890922,0.37360290393470175,0.13041365711255495,0.13142299787424055,,0.5447533750000012,-0.03296650000000013,,0.8594456874999992,-0.09621718750000066,,1.0004398750000012,0.6627440000000002
MUH1216,8.916666666666666,0.6071428571428571,0.5,0.45,0.6608910891089109,0.5,0.25,0.32051282051282054,0.45,0.2,1.9983716011904762,2.253042,1.7077726500000001,1.8509455544554456,2.3000845500000002,1.926117075,1.7223345192307689,1.9082702250000003,1.444425075,0.2839077377840836,0.1724933008390242,0.2109422115579912,0.5272903917032521,0.20142494430523197,0.2862877905147599,0.5677819345171997,0.5705908789606537,0.36813996987874464,,0.6326050000000006,0.7305683749999998,,0.7502113750000008,0.18470731249999986,,-0.22932443749999926,1.3889373125000002
MUH1217,11.083333333333334,0.4126984126984127,0.4,0.0,0.5247524752475248,0.45,0.0,0.1794871794871795,0.3,0.0,2.276528886904762,2.264664825,2.3907683250000002,2.174971629950495,2.194413675,2.1146188500000003,2.241385557692307,2.17473825,2.251750575,0.2695820470390989,0.22365710885846726,0.14307037639873485,0.20581399641366194,0.18507633882090205,0.1780933556987887,0.3196343326032736,0.1928710149569901,0.18119304236324685,,0.6616620625000004,-0.9769208125000008,,0.4860341874999997,-0.28654712500000074,,0.4368456249999998,-0.6293764375
MUH1227,12.083333333333334,0.7619047619047619,0.75,0.6,0.8267326732673267,0.95,0.5,0.6923076923076923,0.75,0.7,2.029250089285714,2.3819787000000003,1.656948525,2.0706391485148514,2.3767331250000003,1.6158215999999999,1.8972317115384614,2.3296730250000004,1.4706579,0.29085016183163964,0.13046395895564009,0.1603768819054761,0.41330123118765,0.09105607432379165,0.29168011335548477,0.4593877556188273,0.21794998514304742,0.2541661787941731,,0.9549467500000011,0.8576286875000002,,0.9418328125000011,0.9604460000000006,,0.8241825625000012,1.3233552500000003
MUH1272,8.75,0.5476190476190477,0.4,0.65,0.6782178217821783,0.55,0.4,0.3076923076923077,0.25,0.2,1.833567363095238,2.2502807999999996,1.6064720249999997,1.8498715433168316,2.1258079499999996,1.830953925,1.9190768269230767,2.168007975,1.7751753749999999,0.47362045947668113,0.21208975606502325,0.16419182943767768,0.4049527789418012,0.5567074163000445,0.1340037372308065,0.5772599418627975,0.6544674326512696,0.4096960521641519,,0.6257019999999992,0.9838199375000009,,0.31451987499999895,0.42261518750000016,,0.42001993750000033,0.5620615625000004
MUH1273,11.0,0.5515873015873016,0.6,0.05,0.6361386138613861,0.2,0.3,0.46153846153846156,0.35,0.5,1.8534223154761904,2.297539125,1.9549290750000001,2.0163362079207916,2.1553134000000003,1.9124268,1.9226164038461537,2.192016675,1.7659395750000002,0.3235503049183075,0.13265104185803828,0.2837712955787253,0.22795573129168828,0.18889526358509953,0.21682377717068568,0.3155844918224462,0.15246386596996434,0.14785210916569327,,0.7438478125000004,0.11267731249999971,,0.3882835000000008,0.2189330000000001,,0.4800416875000003,0.5851510624999996
MUH1333,15.25,,,,,,,,,,,,,,,,,,,,,,,,,,,,,,,,,,,,
MUH1358,16.416666666666668,0.8611111111111112,0.8,0.55,0.7871287128712872,0.7,0.5,0.6666666666666666,0.75,0.55,2.012986875,2.3964041250000006,1.645362075,1.984562814356436,2.3625177,1.6733428500000003,1.9516104423076923,2.340088575,1.6695303000000004,0.2548963233658414,0.10909023960849488,0.1788118036589598,0.3737695449747582,0.13120094841355298,0.3018786629681265,0.42184292706128934,0.18621292755036012,0.2648455916712008,,0.9910103125000016,0.8865948125000003,,0.9062942500000006,0.8166428749999995,,0.8502214374999997,0.8261742499999993
MUH1382,11.583333333333334,0.6111111111111112,0.5,0.15,0.6410891089108911,0.5,0.1,0.4358974358974359,0.5,0.05,2.029512779761905,2.1245697,1.9400040749999998,2.1000428948019803,2.2891005000000004,1.9521493499999998,2.0915604615384615,2.2818294750000003,2.0900874750000002,0.3833032146295629,0.5131236514843337,0.48468473790119426,0.4204469773577016,0.5504731946162797,0.5788597797868419,0.3147190762601839,0.14359307544956731,0.18057652857441406,,0.3114242499999998,0.14998981250000046,,0.7227512500000012,0.11962662500000057,,0.7045736875000009,-0.22521868750000068
MUH1384,8.083333333333334,0.5674603174603174,0.2,0.65,0.5123762376237624,0.25,0.05,0.3333333333333333,0.25,0.3,1.800492630952381,2.0636057250000004,1.554326325,2.0706966794554456,2.1358220999999995,2.1106473,1.9789077692307688,2.138957025,1.9163939250000002,0.40019957819258456,0.3555239190834931,0.1274576175215526,0.4215197077149872,0.20605058383699956,0.24988464073049899,0.3698223678125555,0.39063294475977917,0.2753150646630183,,0.159014312500001,1.1141841875000005,,0.3395552499999988,-0.27661825000000034,,0.34739256249999967,0.20901518749999964
MUH1386,8.916666666666666,0.5515873015873016,0.35,0.2,0.6311881188118812,0.45,0.25,0.38461538461538464,0.25,0.55,1.9334526488095238,2.1793791000000007,1.79255055,1.9491265136138614,2.260479525,1.864757775,1.9439287884615384,2.3904675749999997,1.6408030500000002,0.3963373829204253,0.3724763000671671,0.3015899591159328,0.3417595334081647,0.3436161583930563,0.26006037095858675,0.4994239820357563,0.4498883028792075,0.18926104014574682,,0.4484477500000018,0.5186236249999999,,0.6511988125000002,0.3381055625000002,,0.9761689374999996,0.8979923749999998
MUH1387,8.916666666666666,0.4444444444444444,0.1,0.2,0.5767326732673267,0.1,0.15,0.358974358974359,0.25,0.1,1.861571976190476,1.5985002000000001,1.727095125,1.8542158477722772,1.733385375,1.6130482499999999,1.9486262692307685,2.1359706750000003,1.9461222,0.43295025198477344,0.8116407464123357,0.38756169384818,0.3766873959579701,0.6263187987415009,0.7393915003023468,0.36033278257505763,0.39442641959166735,0.2903005942948301,,-1.0037494999999999,0.6822621875000002,,-0.6665365625000004,0.9673793750000006,,0.3399266875000007,0.13469449999999997
MUH1388,9.0,0.503968253968254,0.55,0.1,,,,,,,2.0930581666666668,2.1570897749999998,1.9685966250000004,,,,,,,0.4283430601040885,0.4583057550658867,0.3708526166688791,,,,,,,,0.3927244374999995,0.07850843749999893,,,,,,
MUH1391,13.916666666666666,0.8095238095238095,0.95,0.5,0.7871287128712872,1.0,0.4,0.6410256410256411,0.9,0.2,2.058260297619048,2.375447325,1.786072725,2.058597207920792,2.3512836,1.827785625,2.096045019230769,2.3618726999999997,1.996896675,0.25790874992745816,0.07172842093202648,0.19784749721928135,0.27059087335613163,0.06795577887486444,0.18384509937844523,0.32151629999297343,0.0803230633536254,0.2701757781422989,,0.9386183125000005,0.5348181875000003,,0.878209,0.4305359375000002,,0.9046817499999995,0.007758312500000255
MUH1395,11.083333333333334,0.6507936507936508,0.2,0.25,0.5860349127182045,0.5,0.1,0.7435897435897436,0.75,0.8,1.976815517857143,2.0478522749999994,1.8411957,1.9565590698254365,2.05601265,1.9985175000000002,1.9452148076923077,2.324503875,1.6731402750000002,0.2752793264033396,0.43007071964367477,0.26965317445311504,0.34557961084800365,0.42987482678682476,0.38334771246463495,0.3959099702845942,0.2626499713642752,0.0921176172606286,,0.11963068749999864,0.39701074999999986,,0.14003162500000002,0.003706249999999579,,0.8112596875000002,0.8171493124999998
MUH1396,11.0,0.8134920634920635,0.9,0.6,0.8465346534653465,0.8,0.6,0.717948717948718,0.75,0.65,2.105469571428571,2.3869667249999997,1.7407755000000003,2.081957818069307,2.35648545,1.667459025,1.9935591923076923,2.3364480750000003,1.7134199250000002,0.21926661543762416,0.1074144978636588,0.14111416552788594,0.33219738992257036,0.11592359448915843,0.1910232868042171,0.3554167300076526,0.09890712972282245,0.13919255422560978,,0.9674168124999996,0.6480612499999995,,0.8912136250000005,0.8313524375,,0.841120187500001,0.7164501874999997
